ABW,Aruba
AFG,Afghanistan
AGO,Angola
AIA,Anguilla
ALB,Albania
AND,Andorra
ARE,United Arab Emirates
ARG,Argentina
ARM,Armenia
ATG,Antigua and Barbuda
AUS,Australia
AUT,Austria
AZE,Azerbaijan
BDI,Burundi
BEL,Belgium
BEN,Benin
BES,Bonaire Sint Eustatius and Saba
BFA,Burkina Faso
BGD,Bangladesh
BGR,Bulgaria
BHR,Bahrain
BHS,Bahamas
BIH,Bosnia and Herzegovina
BLR,Belarus
BLZ,Belize
BMU,Bermuda
BOL,Bolivia
BRA,Brazil
BRB,Barbados
BRN,Brunei
BTN,Bhutan
BWA,Botswana
CAF,Central African Republic
CAN,Canada
CHE,Switzerland
CHL,Chile
CHN,China
CIV,Cote d'Ivoire
CMR,Cameroon
COD,Democratic Republic of Congo
COG,Congo
COK,Cook Islands
COL,Colombia
COM,Comoros
CPV,Cape Verde
CRI,Costa Rica
CUB,Cuba
CUW,Curacao
CYM,Cayman Islands
CYP,Cyprus
CZE,Czechia
DEU,Germany
DJI,Djibouti
DMA,Dominica
DNK,Denmark
DOM,Dominican Republic
DZA,Algeria
ECU,Ecuador
EGY,Egypt
ESP,Spain
EST,Estonia
ETH,Ethiopia
FIN,Finland
FJI,Fiji
FLK,Falkland Islands
FRA,France
FRO,Faeroe Islands
GAB,Gabon
GBR,United Kingdom
GEO,Georgia
GGY,Guernsey
GHA,Ghana
GIB,Gibraltar
GIN,Guinea
GMB,Gambia
GNB,Guinea-Bissau
GNQ,Equatorial Guinea
GRC,Greece
GRD,Grenada
GRL,Greenland
GTM,Guatemala
GUY,Guyana
HKG,Hong Kong
HND,Honduras
HRV,Croatia
HTI,Haiti
HUN,Hungary
IDN,Indonesia
IMN,Isle of Man
IND,India
IRL,Ireland
IRN,Iran
IRQ,Iraq
ISL,Iceland
ISR,Israel
ITA,Italy
JAM,Jamaica
JEY,Jersey
JOR,Jordan
JPN,Japan
KAZ,Kazakhstan
KEN,Kenya
KGZ,Kyrgyzstan
KHM,Cambodia
KIR,Kiribati
KNA,Saint Kitts and Nevis
KOR,South Korea
KWT,Kuwait
LAO,Laos
LBN,Lebanon
LBR,Liberia
LBY,Libya
LCA,Saint Lucia
LIE,Liechtenstein
LKA,Sri Lanka
LSO,Lesotho
LTU,Lithuania
LUX,Luxembourg
LVA,Latvia
MAC,Macao
MAR,Morocco
MCO,Monaco
MDA,Moldova
MDG,Madagascar
MDV,Maldives
MEX,Mexico
MKD,North Macedonia
MLI,Mali
MLT,Malta
MMR,Myanmar
MNE,Montenegro
MNG,Mongolia
MOZ,Mozambique
MRT,Mauritania
MSR,Montserrat
MUS,Mauritius
MWI,Malawi
MYS,Malaysia
NAM,Namibia
NCL,New Caledonia
NER,Niger
NGA,Nigeria
NIC,Nicaragua
NIU,Niue
NLD,Netherlands
NOR,Norway
NPL,Nepal
NRU,Nauru
NZL,New Zealand
OMN,Oman
OWID_CYN,Northern Cyprus
OWID_ENG,England
OWID_KOS,Kosovo
OWID_NIR,Northern Ireland
OWID_SCT,Scotland
OWID_WLS,Wales
PAK,Pakistan
PAN,Panama
PCN,Pitcairn
PER,Peru
PHL,Philippines
PNG,Papua New Guinea
POL,Poland
PRT,Portugal
PRY,Paraguay
PSE,Palestine
PYF,French Polynesia
QAT,Qatar
ROU,Romania
RUS,Russia
RWA,Rwanda
SAU,Saudi Arabia
SDN,Sudan
SEN,Senegal
SGP,Singapore
SHN,Saint Helena
SLB,Solomon Islands
SLE,Sierra Leone
SLV,El Salvador
SMR,San Marino
SOM,Somalia
SRB,Serbia
SSD,South Sudan
STP,Sao Tome and Principe
SUR,Suriname
SVK,Slovakia
SVN,Slovenia
SWE,Sweden
SWZ,Eswatini
SXM,Sint Maarten (Dutch part)
SYC,Seychelles
SYR,Syria
TCA,Turks and Caicos Islands
TCD,Chad
TGO,Togo
THA,Thailand
TJK,Tajikistan
TKL,Tokelau
TKM,Turkmenistan
TLS,Timor
TON,Tonga
TTO,Trinidad and Tobago
TUN,Tunisia
TUR,Turkey
TUV,Tuvalu
TWN,Taiwan
TZA,Tanzania
UGA,Uganda
UKR,Ukraine
URY,Uruguay
USA,United States
UZB,Uzbekistan
VCT,Saint Vincent and the Grenadines
VEN,Venezuela
VGB,British Virgin Islands
VNM,Vietnam
VUT,Vanuatu
WLF,Wallis and Futuna
WSM,Samoa
YEM,Yemen
ZAF,South Africa
ZMB,Zambia
ZWE,Zimbabwe
