Title,Description,Post_time,Score,Comment_count
The September 2024 Superthread: Battery; Orders; Which Pixel?; and More,"*If you were redirected here from a removed post or a Megathread link, please scroll down.*

This is the Superthread, the subreddit's collection of Megathreads and other useful links.

Here are the Megathreads:

* **To open to the weekly Photos Megathread**, [search for the latest thread here](https://www.reddit.com/r/GooglePixel/search/?q=%22Photos%20Megathread%22%20author%3AGooglePixelMods&restrict_sr=1&sort=new). You can also share your photos on r/pixelography.
* **To open to ""Which Pixel should I buy?"" Megathread**, [search for the latest thread here](https://www.reddit.com/r/GooglePixel/search/?q=""Which%20Pixel""%20author%3AGooglePixelMods&restrict_sr=1&sort=new).
* **To open the Shipping Megathread**, home of order-related comments, issues, and suggestions, [follow this link](https://reddit.com/r/GooglePixel/comments/185kvy9/madebygoogle_2023_holiday_shipping_megathread/).
* **To access the Battery Megathread**, for all support regarding battery life and condition, [search for the latest thread here](https://www.reddit.com/r/GooglePixel/search/?q=Battery%20Megathread%20author%3AGooglePixelMods&restrict_sr=1&sort=new).

##Links
* *[Google Store](https://store.google.com)*
* [Subreddit Discord Server](https://discord.com/invite/GooglePixel)
* [Rules](https://www.reddit.com/r/GooglePixel/wiki/guidelines)
* [Wiki](https://www.reddit.com/r/GooglePixel/wiki/index)
* [Reddit Request, for if you ever need more help with Google Support](http://gprr.dmzapps.com/)
* **[Arbitration Agreement Opt-Out \(only applicable in United States\)](https://www.reddit.com/r/GooglePixel/comments/j2sjmg)**",9/1/2024 20:00,3,16
Pixel 9 Series Shipping Megathread - September,Please post all shipping related content here!,9/1/2024 23:26,20,154
Flossy Carter - Google Pixel 9 Pro Xl - “Real Review”,,9/3/2024 11:37,64,54
How have I never noticed this brilliant Pixel Camera feature before?!,"I'm not new to Google phones as I've been using them exclusively for close to a decade. But somehow I missed this amazing feature until today.

When you're filming a video, the front/back camera switcher button transforms into a camera shutter button. This lets you take still photos AT THE SAME TIME that you are filming the video!

This is a game changer for me as there are many times I've wanted to take both pictures and video, like during the last solar eclipse. How long has this feature been around? I can't believe I've never seen it before.",9/3/2024 4:57,205,77
Fingerprint sensor on the 9 series is actually REALLY good,"I was worried about this before buying it, but if you are too, don't worry about it at all. I'm coming from an S24 Ultra (don't ask) and while I guess technically they have the same ultrasonic sensor as the Pixel, Google did something with the software I'm guessing to make it work much better. It has to kinda ""learn"" your fingerprint for a day, but after that, it works every time with a tempered glass screen protector. The S24's fingerprint sensor was pretty much only half effective with one, and I obviously used the same thumb for both, so I don't think it's my finger.

edit: I literally fucking say in the OP here that it's the same sensor, you don't have to tell me. Goddamn. My point is that I think Google is doing something different with it, software-wise. I'm just in the position to have used both and I think Google's implementation is better.",9/3/2024 7:07,88,55
Y'all try the add me feat with yourself? ,https://imgur.com/a/3uew78J,9/3/2024 7:58,30,14
My 2 cents,"9 Pro XL - This phone is so good that it's actually boring xD Honestly, everything just works.",9/3/2024 1:05,106,44
The Google Find My Device network seems to be getting better.. slowly but surely.,"Purely anecdotal experience, of course, since we can't really know what's going on behind the scenes.. and keep in mind, I live in the most populated city in Canada.

I've had a Pebblebee clip for the past two months. When I first got it, I would keep it in my car parked in a somewhat busy parking lot all day and there were days where it wouldn't get pinged at all unless it was from my own phone.

This long weekend, I've parked in a fairly low traffic parking lot and also a busier one, and somewhat surprisingly, I was getting pings about once an hour.

I've also carried airtags to compare the two and they still get more consistent pings and more often but that's to be expected",9/3/2024 1:25,48,11
"Zoom Enhance is the worst ""feature"" shipped by Google, possibly ever, I'm not surprised they sat on this for a year because it's really that bad. ","I was so excited for this feature, finally, something to really improve my zoomed images! Hell, the live photo view of zoomed pics is already better at details, so maybe it can pull from that instead?

NOPE.

Even if you have a clear zoomed in image of something, but you wanna reframe it just a bit, it will apply the same harsh AI mushy bullshit result as if you had asked for something from scratch from DALL-E 1. I'm shocked at how truly horrible the results are. It's literally unusable. ",9/2/2024 18:01,166,103
Preferred texting apps,"Hello, a friend of mine has a google pixel and I have an iPhone, he’s mentioned he has trouble receiving some of my texts, images, etc that i send to him and he prefers to text on other apps such as; whatsapp, facebook messenger, snapchat, discord.. so he can see them. is anyone else having this issue as well? Any advice will help in advance!",9/3/2024 9:29,10,18
Pixel 9 Pro XL - All Pro Everything BUT...,"To caveat this post, huge pixel fan and have owned the 5, 6, 7a, 8 and now 9 pro xl. As most posts suggest it's brilliant from literally every aspect. Definitely the best pixel ive ever had. And definitely the smartest smartphone out there (which is how MKBHD often refers to the pixel line in general as).

However...battery life is just still not there yet. Everything else can beat the latest Samsung and the latest iPhone but if you've ever tried either of those brands' flagships in the past (I own an iPhone 15 for work and 14 before that) it unfortunately pales in comparison. It's the best pixel battery I've had sure, it gives me around 4h3Om - 5h30m of screen on time depending on how power hungry the apps I've used are, before it goes down to about 15%. And that might be enough for a lot of people, but similar usage similar screen on brings my iPhone to around 40% battery end of day. There are also several posts on the battery draining overnight by quite a bit on the battery megathread. So please do keep that in mind, if you're looking for THE best battery life in the market, pixel isn't there yet but for everything else it does an incredible job! 

P.s. Please feel free to AMA anything else about my experience so far, would love to help!",9/2/2024 21:05,77,138
"Pixel 9 Pro XL: Love the phone, hate the auto brightness","I upgraded from a P7Pro, and could not be happier. Everything is better, especially battery life for me. But the auto-brightness can jump off a cliff into a vat of acid. 

I find myself constantly adjusting it up, as it seems to be about 10 points lower than my comfort level. Never had this problem on the 7.

But really, that's it. I should just take it off auto brightness and leave it where I like it, but then I couldn't complain.",9/2/2024 23:38,46,33
Body Temperature Measurement Expands To Europe,"You can now measure your body temperature in more countries! They've updated the help article here:

[https://support.google.com/fitbit/answer/14505224?hl=en#zippy=%2Cwhy-dont-i-see-the-thermometer-app-or-the-option-to-take-body-temperature](https://support.google.com/fitbit/answer/14505224?hl=en#zippy=%2Cwhy-dont-i-see-the-thermometer-app-or-the-option-to-take-body-temperature)

""This feature is currently only available for users in Austria, Belgium, Czechia, Denmark, Estonia, Finland, France, Germany, Hungary, Ireland, Italy, Kingdom of the Netherlands, Latvia, Lithuania, Norway, Poland, Portugal, Romania, Slovakia, Slovenia, Spain, Sweden, Switzerland, United Kingdom of Great Britain and Northern Ireland, and the United States. Ensure that your device has an active SIM or eSIM issued from a carried based in one of these countries.""",9/2/2024 19:08,91,34
Pixel Weather Radar Missing? ,I'm seeing people on Twitter talking about the pixel weather app having radar now. I didn't have it on my 9 pro XL in the US. I'm curious if I'm missing something or if it's just another Google update rollout in stages? ,9/3/2024 12:59,3,6
Super Dumb Question - Does the Pixel Pro 9 XL ship with a screen film on it?,"My past phones, I've had to peel off a screen film when I've received my phone.  I can't seem to tell whether the P9XL has the film?  Heeeeelp",9/3/2024 8:05,8,9
"Pixel 6 Pro's modem was TRASH! 🗑️ Upgraded to Pixel 9 Pro XL and holy moly, what a difference! 🚀 ","I had the Pixel 6 Pro for a while and thought the service was the problem. Upgraded to the Pixel 9 Pro XL and wow, was I wrong! The 6 Pro's modem was terrible.

One spot I frequent to work on my laptop is  underground. My 6 Pro had no service there. With the 9 Pro XL, I'm chilling on 5G with a hotspot to my laptop. No issues at all.

So glad I didn't switch carriers. Got my unlocked 9 Pro XL at Best Buy with a 6 Pro trade-in.

This is the biggest improvement I've noticed. Didn't realize how bad the 6 Pro's modem was until now.
",9/2/2024 9:47,326,112
Pixel 9 Processing HDR Photo Layer Sideways,"My wife was looking at pictures that she was sent from her mom's iPhone, and it looks like there is a HDR layer that is rotated sideways when she clicks on the photo. It does not show immediately, and it does not show for the same photos on my pixel. We tried clearing cache for photos and messages, safe mode, and restarting the phone. Editing the photo in any way removes the faulty layer. Some of these photos are Ultra HDR and some are not. Any idea what might be causing this? ",9/3/2024 9:40,3,5
"Pixel 8 just started with the pink line, am I doomed? ",My pixel 8 (had since early December 2023) just started doing the vertical pink line today. It's intermittent and didn't go away after restarting. A) is this doomed to continue for the rest of the life of my phone? B) will it progress into other issues? It's annoying but I can live with it if it's not a sign of worse issues to come. ,9/3/2024 9:10,3,8
Can I set Pixel 7 to open app on triple pressing power button? Would be Super Grateful for Any Help,"So, I want my Pixel 7 to open a specific app when I press a button combination (like 3 times pressing the power button, or Pressing the power + volume down). I can't find any usable guide to this. Is this not possible on Pixel 7?

So just like when I double press the power button and get the camera on, I want to start an app with a button press combination.

Right now the best option I have been able to find is opening the app by tapping the back of the phone twice. This is not ideal for me as I use a phone cover that makes this ineffective. 

  
So a button combination would be really helpful. Any help on this would be really appreciated. Thanks a lot!

",9/3/2024 10:46,2,1
Can Google Assistant or Gemini navigate to contact addresses for ANYONE?,"I swear this used to work... I've got a Pixel 8 and I swear I used to say ""Ok google, navigate to <some contact name>""

It no longer works.  Never works in Gemini.  I get the ""I am a large language model"" message.  And what's weird about GA is that it SOMETIMES works the first time, and never again.

Is this just some f-up on my phone or does this not work anywhere?

I'm considering a Pixel 9 and this might be a showstopper.",9/3/2024 10:42,2,4
Can you guys clarify something for me about Find My Device?,"I just put the Find My Device app on my Pixel 7 with the idea I could better track it on my laptop if it goes missing. Am I correct in thinking that for someone else's Android phone to locate mine, it too will have to have the app installed?",9/3/2024 10:21,2,2
"Psa"": for whatever reason, when I called in to pay off my p8p to trade in for 9, att offered me a 1250 upgrade trade in credit. ",So the 256 would have been a free upgrade. I chose to pay $3/mo for the next 3 years for getting the 512.,9/2/2024 15:29,57,35
Pixel 9 Pro & XL - Best cases available in the UK,"I was wondering what cases everyone is using on their Pixel 9's as the one's on the Google store are basic and the MOUS case is thicker than a loaf of bread. 

Any good case links would be great!",9/3/2024 2:02,8,34
Protection plan ,So my brand new pixel was stolen. I still have the option to add protection. Will this cover theft??,9/3/2024 13:15,0,2
Anyone else can't use their thermometer app on pixel 9 pro xl? ,It says temperature sensor is too warm and it stays like that for days. I also noticed more battery drainage since it happened. ,9/3/2024 12:44,1,7
Got my new Pixel 9 pro XL 256 GB after being an iPhone user since the 5c,"I traded in my iPhone 14 pro Max for $770 during the best buy promotion and got a $200 gift card that I'm using to order the Google buds pro 2. I've never liked Samsung phones or anything they make so, always used iPhone mostly because lack of options. The previous Pixel phones I've researched didn't seem suitable to replace my iPhone until now and it was a great decision to switch over, I love everything about this phone and anyone considering it should give it a try. I'm using a Spigen Enzo Aramid case and a Zagg screen protector, they're both great. ",9/2/2024 14:45,57,21
Will I be missing out on anything by not using the Pixel launcher,I'm currently using Nova Launcher on my P6P. I've just ordered the P9P and was wondering if it was worth using the Pixel Launcher instead of Nova.,9/3/2024 8:42,2,1
Pixel 8 green line,"Like many of you, I've had the issue with the green/pink vertical line. I bought the phone on Amazon in Colorado a few months ago, but now I'm living in Costa Rica, so I can't use the warranty. Does anyone know if a screen replacement solves the problem, or would it reoccur since it's related to the hardware? Thanks",9/3/2024 12:25,1,1
Astrophotography??,Hey y'all I just upgraded to the 9 pro xl and noticed the astrophotography. I haven't been able to try it out yet. Was just curious if anyone has done it and what's the results looked like!!,9/3/2024 11:46,1,1
Google Pixel Tablet Apparently Performing Port Scans,"Hi everyone,
I'm having an issue with my Google Pixel Tablet and I'm hoping someone can help. My tablet keeps getting blocked by CrowdSec (an intrusion prevention system in my network) every few days because it seems to perform port scans according to the CrowdSec ban reason. The strange thing is that I haven't installed any apps on the tablet that I don't also have on my Pixel 7, however, I don't experience this issue with my phone. Any other device also was never banned before.

All the apps on the tablet were downloaded from the Play Store, and I ran an antivirus scan with ESET, which didn't find anything.

Has anyone also observed this behavior or does anyone have any idea why the tablet might be performing these scans?

Thanks for your help!",9/3/2024 7:07,2,5
"As someone who has used iOS since 2009, the pixel 9 Pro sure does look good. ","Hey, everyone 


So, I’ve used Apple devices since 2009. Worked in retail wireless, both in sales and leadership, from 2005-2015. So, my last hands on experience with android is around 2015. All I remember is things were still maybe a little “clunky” if that makes sense. Things just didn’t feel as smooth as what I was used to dealing with. 

In short: I don’t feel excited about Apple phone updates / upgrades. I used to enjoy Apple for the simplicity and fluidity + hardware but other brands seem to be right on point. However, the photo quality and hardware of the pixel is really speaking to me. Plus, I know they are super innovative. 

Anyone got any helpful insight that could get a “lifelong” Apple fanboy to jump ship? I really dig the hardware, but don’t know enough about the misc android benefits. 

Any insight is welcome. Thank you!",9/2/2024 11:38,70,62
"Anyone notice uneven brightness levels on pixels? (6 pro, 7 pro, 8 pro, 9 pro xl)",I love pixel....and I'm a team pixel member but jeez...3 gripes and this phone would be perfect.  Right now the biggest one I have is that the brightness doesn't get dim enough at night (even with extra dim on) and the brightness at levels 20-70% roughly are just wonky.  Maybe it's just me though. ,9/3/2024 10:47,0,1
Found a use for Gemini 🪷,"So, obviously, Gemini still isn't able to fully replace Assistant. It's still got miles to go.

However, I'm in a few fragrance/perfume groups, and Gemini is moderately good in that department. It takes my list of fragrances and recommends based on weather, event, mood, time of day. Etc.. it recommends layering combos, it tells you how you should layer what and where each should be sprayed. It knows scent profiles and it can even tell you what scents to avoid mixing with others.

It's not 100%. It does often incorrectly recommend fragrances NOT on my list when I directed it to ONLY consider my list. It often says ""sorry for the oversight"" then repeats the same error. It obviously doesn't have a nose, and thus uses info from the Internet based on likely commentary from reddit, fragrantica, etc.

It is useful to a degree. For what it gets wrong, it definitely gets some things right on.",9/2/2024 11:08,76,38
Photos not auto adding to shared album,I recently bought a pixel 9 and quick sharing phtots to my pixel 5 for unlimited storage.  I made sure quickshare is selected for backup on my pixel 5. Have to manually add it to the share album. Any advice?,9/3/2024 10:27,0,0
Photo organisation/backup routine for Pixel?,"Hi, for some  reason I find it overwhelming to keep my personal photos organised even though it's a simple task! I know I can turn Google Photos backup on, but please could you share the best processes for:  
- Organising photos into albums on Google Photos (is it better to do this on my phone or on desktop?)  
- Editing photos - any suggested apps for light retouching  
- Saving some of my photos received via WhatsApp into Google Photos, without automatically downloading all sent files  
- Scheduling or automating backup onto an external drive, or any other ideas for keeping the files secure in case of any future issue with my Google account  
- And silly question, how regularly do you delete photos off the device to clear space?

Thanks in advance, it's one of those small issues that's morphed into a huge stress for me! If anyone can share a routine to follow, I think it will help",9/3/2024 5:55,2,3
Can't get Google photos into device,"Recently switched from iPhone to Google pixel 7. I put all my iPhone pics into my Google photos. They are all there, but not on the actual device. How do I move them over",9/3/2024 9:25,1,2
Pixel 7 Pro GPS not working on any app.,"The last couple of days, gps isn't working on any apps. Google Maps nor Waze work. They can tell where I am if I'm not moving but as soon as I start traveling, it's incredibly far off and eventually fails. I've tried deleting the cache and storage from Google maps and downloaded Waze to try other GPS apps and no luck.",9/3/2024 8:47,1,0
How to transfer ALL images from Photos to device,"Hi, I recently got a Pixel 8pro and used google backup to have an easy way to transfer all images and videos from my old phone. 

Now I wish them all saved on my device so I can delete them from cloud, but I see no efficient option to do it all at once? 

I will not pay for Google cloud for the rest of my life, please help.",9/3/2024 4:55,2,5
P9PXL Otterbox,"Hey Folks,

Question, has anyone been rocking the Otterbox Symmetry or Defender for the P9PXL?

Are they grippy or slippy? Bulky or slim?

Been struggling to figure out, which case to go with since 1 week. Ordered 1 simple one from Amazon called fntcase clear with magsafe functionality. Bu I'd like to know your guys experience is with the Otterbox ones.

Cheers.",9/3/2024 8:38,1,0
I'm so pissed Google doesn't support the Pixel 5 anymore,"Apologies for the rant, I just wanted to vent.

All the new Pixel phones are great. I rocked the 8 for quite some time, and I did just trade it in for a 9 Pro, and it's really nice that Google has stepped up with 7+ years of support now.

But IMHO the Pixel 5 is the best Pixel of all time for various reasons- size, weight, non-existent bump, decent cpu even today, and it pains me that Google refuses to push security updates to it anymore. This is a device that could be used for at least 1-2 more years with no issues.

Anyway. That is all. /r


Edit: the difference between the Pixel 5 and all the other old unsupported devices you compare it to is that, the Pixel 5 is still a fine device that is now obsolete by design, not because it's too slow or broken. 

Yes we could still support an iPhone 6, but have you tried using one? It's so slow you can't really use it. 

Forced obsolescence is what pisses me off. Yes, I knew it from the beginning. That does not make it ok. ",9/2/2024 4:56,162,197
Can someone help with photos settings? Phone is auto-brightening pictures,"On my screen the pictures become a lot brighter when I look at them. But when I go into the editing screen and click a filter, it shows the non-brightened image. Is there any way to make all the images show as non-brightened versions?

I took a screen recording and the images became darker when they settled, so maybe it's HDR?

Edit: weirdly enough, the pictures from the 12MP setting are becoming more unrealistically brightened than the ones from the 50MP setting.",9/3/2024 4:26,2,3
Where can I find A14 Image for the Pixel 7a?,Trying to root my device(TQ3A.230605.12) and the only image available on Googles website is A13. I dont mind rooting to A13 if someone could confirm its safe as my phone is already on Android 14. Thanks,9/3/2024 4:16,2,1
Dark and washed out photos compared to video on Pixel 8,"Taking videos on the Pixel 8 they look great. The colors all look very true to life and vibrant.

But when taking photos of the exact same scene they are much darker, very dull and washed out. They look a bit terrible honestly. They also don't look realistic, which the video does. Just very dim, flat, no saturation and not much dynamic range.

Not sure what's going on here. The photo quality also seemed to drop suddenly. I looked back over my photos and they all looked great. Then one day they all started looking very washed out.",9/3/2024 3:52,2,0
Is the Google 'ecosystem' worth it or noticeable?,"Hello everyone, I have a Pixel 7 Pro I bought a couple years ago and I'm happy with it (no plans to upgrade to 9). 

I have some buds from Soundcore but overall I'm not too happy with them so I was planning to get new ones and I also have an old galaxy watch (that I no longer use cause it drained my battery) I want to get rid of.

My question is, is there any noticeable difference or advantage to connecting Pixel devices to my Pixel phone? 

Should I get the Pixel Buds Pro 2 and the new Pixel Watch 3 or should I just get different brands, if arguably better?",9/3/2024 7:27,1,1
No widgets with the sideloaded weather app on Pixel 8 pro.,I sideloaded the Pixel weather app on my Pixel 8 pro. It's working well but there aren't any widgets with it. Is there another version that has them or do you have to have the Pixel 9 to get them?,9/3/2024 3:03,2,3
trickle charge new Pixel Watch 3 (PW3) ,"trickle charge new Pixel Watch 3 (PW3) 

I know I will probably get a lot of hate for this question, but here it goes... I have ordered the PW3, I have not gotten it yet. I do not like sleeping with a watch on so I take off and charge it every night. As such I do not need it to charge super fast. I'm wondering how to have it slowly or trickle charge at night. I'm thinking something like a charging brick that is like 15W? Any thoughts?",9/3/2024 6:45,1,2
"i disabled ""Allow background usage"" but app still runs in background","Goal = improve overnight battery life. when I go to sleep, i want 0 apps using battery

Right now i have 1 app (MSFT Swiftkey) where i have disabled ""Allow background usage"" but it still gets \~3hrs of usage overnight. No apps are actively open from task manager. why is it still running in the background when i said to not do so?",9/3/2024 6:30,1,5
Pixel Studio and Screenshots app missing on Pixel 9 Pro XL,"I bought the Pixel 9 Pro XL yesterday and I don't have the Pixel Studio nor the Screenshots app that were supposed to come with the phone. I bought the phone in the US, the phone is updated and I checked as well on Play Store.

Is this normal? Is there something I can do?

Thank you in advance",9/3/2024 2:28,2,3
P9PXL A14 Android Auto disconnects every 90s,"!Flair 2017 Honda Pilot | AAWireless | Google Pixel 9 Pro XL | 15


Since getting Pixel 9, I lose my connection to Android Auto every 90 seconds. Complete disconnect and then it reconnects. 

HELP! 

Pixel 9 Pro XL with Android 15, connected to AAWireless dongle (enables Bluetooth Android Auto). 

I should note that there were no issues with Pixel 7 Pro - the only thing that has changed is the phone.

I have reset everything but the phone. E.g., removing profiles from vehicle, factory resetting and downgrading the dongle, etc.",9/3/2024 5:49,1,14
eSIM Found. Google Pixel 9 Pro XL,"I pre-ordered mine on Amazon because shipping is a lot faster plus due to other factors as well. Upon opening the phone to setup, on the screen it says ""eSIM found. A number was previously setup on this device.""  The box was sealed at the back and I am certain it came in brand new. Does anyone here got the same notification as mine? Or they have tampered on my phone? ",9/3/2024 1:35,2,7
Pixel 9 Pro XL -Noob question - photos getting brighter in the Photos app?,"I've moved from iPhone 15 Pro to the Pixel Pro 9 XL. It's my first Android phone after having every iPhone since the OG. So far, I'm loving it!

One question though, when browsing the gallery pictures I've taken on the Pixel sudden get significantly brighter after a half second pause. There's no explanation as to why but I'm guessing it's some HDR effect that is being applied? If I edit any images they're immediately darker - so they lose this brightening effect. 

Can someone fill me in on what's happening here? ",9/3/2024 5:05,1,6
Where to get a fingerprint sensor replacement?,"About a month ago the screen on my pixel 7 broke and I replaced it myself, however, I couldn't move the fingerprint sensor because it was stuck too tightly to the screen, for several months I've been looking for a replacement but it's been incredibly complex, all the reviews, ALL say it never works, does anyone know where I can get a replacement that someone can guarantee works?",9/3/2024 5:03,1,1
Calls getting through DND 8 Plus,"I have DND turned on via : Bedtime Mode, Flip to Shhh, and manual.  
Settings: People - No one can interrupt, Allow repeat callers - this is turned OFF. And yet when someone calls twice - they always get through.  
The app & phone are up to date.

I cannot just block this call as it is my call box. So I need it during the day. But I get ppl buzzing through during the night & it is waking me up! 

I do not know what else to do. Any suggestions please. ",9/3/2024 4:59,1,3
Why is the Pixel 9 so expensive in Europe?,"Basically, the regular Pixel 9 starts from 909€, which is around 1.005US$.

If the US price is 799$, it should be around 720€.
Am I missing something?",9/2/2024 0:52,174,177
Need help with transfer from iPhone to Pixel 9 Pro XL ,"I switched to Pixel from Android , and after follow the step transfer from iPhone , everything go thru but nothing on message . I have alot of message on my iPhone need to transfer since it had alot of information from my customer . I re-transfer after factory data reset but still the same , no message on my Pixel after transfer . Empty

Can y'all help me with this ?",9/3/2024 4:21,1,1
Android Air tag device for a Pixel 9,"With the roll out of Find My Device network, does anyone know if there is / what is the best air tag like android tags are available that can work with my Pixel 9 pro XL?

I've seen friends find/ track their adventurous child with an air tag and am sold on the concept and accuracy, but apparently android options are not as good. Does anyone have a recommendation, or know if Google are producing their own?",9/2/2024 19:28,5,31
Music file transfer from computer to phone,Every time I try using a USB cable to transfer my music off my computer it's goes fine up until the half way point then the process just stops. No explanation either. I'm so frustrated as I've been at my desk for so many hours unsuccessfully trying to have my music on my phone again. Any ideas on how to do this?,9/3/2024 4:05,1,2
Is there a case Template for the 8a?,"I love getting clear cases so I can swap out what the background is whenever I feel like it... And my 8a is on the way!

Anyone know of a template for the backside of the 8a?

Thanks!",9/3/2024 4:00,1,0
Bent Google Pixel 8,"I have a Google Pixel 8. I recently fell, causing the phone to bend a little. What I am most concerned about is the display. I can see some greenish light from the area that's bent. What should I do?",9/3/2024 3:48,0,0
Direct Share contacts,"I've searched far and wide and cannot figure it out for the life of me. I have 5 contacts listed there, 2 of which are from SMS and 3 are from Facebook messenger. The 3 from messenger are ones I've never interacted with and aren't even on my FB page. Without rooting, anyone know how to remove them? Long pressing only gives me the option to pin them",9/3/2024 3:30,1,3
VOLTE disconnecting my outgoing phone calls 6 seconds inn,"Hi,

I recently purchased my Google pixel 9 xl. While using the phone i noticed my calls were getting disconnected 6 seconds into the call. I Tested further and it seems like this was happening only when i make outgoing calls.

I have my phone updated to the latest versions. I turned VOLTE off and the issue stopped persisting, but now i cannot use internet while on a phone call which is very inconvenient. 

Another odd thing is when VOLTE is turned on and i get incoming calls, the call does not get disconnected and i can use the internet. Problem is happening only VOLTE is on and i make outgoing calls.

  
Does anybody have a fix for this?",9/3/2024 3:19,1,9
9 pro XL - Wifi disconnects every day after I wake up - not sure why,"I'm on day 10 with my new pixel pro 9 XL. With the exception of yesterday, every single day so far -  when I wake up, I roll over and grab my phone. Turn off bedtime mode. Then my wifi disconnects. It hasn't automatically reconnected yet... I have to do it manually every time.  

Since no one else is talking about this, I'm less likely to think it's a bug, and more likely to think it is something in settings I haven't yet diagnosed.  

The first two days I had the phone, I was not using bedtime mode, and it still did it. 

I've always had quiet hours on at night, and it's still on when the wifi drops, so I wouldn't think that would have anything to do with it. 

What else could I look at to solve the issue? 

Thanks in advance! ",9/3/2024 3:05,1,7
Q: esim profile after hard resetting,I just looked up and found that when  you reset the phone which has an esim. It will ask if you want to remove the esim profiles and the default option leaves the esim. Does the default also apply to phone that is hard resettled or will the profiles be deleted,9/2/2024 23:18,2,2
Bellroy leather cases?,Are these actually protective from drops and such? Love the look but not sure if it is good for actually protecting the phone from drops on hard surfaces. ,9/2/2024 23:14,2,13
Screenshots app on Pixel 8,"I have the screenshots app working on my pixel 8. It's currently downloading the models. Will this run terribly or should I be fine? Essentially, does it use on device AI, or is it server based? ",9/3/2024 2:47,1,4
Pixel 8 pro keeps refreshing apps,"Hi, new owner of P8 pro 256gb since 1 month but been using Android forever. I have impression that the P8 pro is more aggressive in terms of RAM management as several apps (reddit, FB, some games) keep being killed in the background even after only some minutes hence they refresh when I switch back to them. I usually keep 2 or 3 apps at the same time and already changed ""Background process limit"" to 3. It is kind of annoying as I lost track of the content that I was reading on reddit or FB or the game progress.

I didn't have the same experience using my old Oppo 10x zoom which is on Android 13.

Does anyone have the same remark and how can I make it more reasonable?",9/2/2024 17:37,5,3
"Gemini, Pixel Generations, Question","Hello guys, I'm new here and I have a question about the AI features and hope you have an answer. 

So I don't own a Pixel. I had Nexus 4 back in the days, but not the money for the pixels in last year's. 

Now Google released the ninth version and promoted all the AI features. Some phrases were ""build in Gemini"" or ""phone suited for AI"". 

Besides the discussion if it's good or bad to use AI: 

What does that mean? Is there hardware in the phone, that makes it so superior for AI or is Gemini part of the bios or something? 

So I know the specs. The Tensor Chip is now G4 and RAM is bigger. Could play a role, but I don't see any huge differences that would explain, why the pixel 9 (considering the high price) would be so much better for AI usage than the pixel 8 (pixel 8 pro already has Gemini nano, maybe it will be available for download even for the normal pixel 8?). 
The G4 is faster and maybe in detail a bit better for AI just because of the build and for sure 12GB RAM will help, but if Gemini Nano is just ""downloadable"" and not exclusive to Pixel 9, then nearly all features should be available to the Pixel 8 in the future for hundrets of dollars less or do I miss something? 

My only explanation would be: the 9 has a different version of Gemini which you cant install on the 8. But as far as I know it's just the version nano and advanced is just an online feature you can buy as an abo and will get for free for one year. 

Hope you can explain it to me! 
Hope you have a great day! ",9/2/2024 22:22,2,1
facebook keeps saying no photos on device ,"sold a customer a 9 pro xl not even a week ago, and im stumpped. facebook has all permissions etc, but any time the customer goes to upload a photo to facbook it says no photos on device, and all photos are dowloaded to the phone from the cloud. any help would be appreciated. ",9/3/2024 1:59,0,9
Is a crack in the body considered a crack when trading in? ,"I am trading in this old Motorola for a new P9P and I selected YES for ""Answer yes if your device is free of cracks, and the screen and parts work properly"" as I assumed that they meant cracks in the screen. 

Selecting Yes results in a 227€ trade in value and No in a value of 221€. 

I read about phones getting rejected for cracks like that. But surely they would just give me 221€ if this would be considered as a crack and not reject the whole trade-in right? 
I'm confused and don't know what to do now 🥲


These aren't even real cracks, they don't go through the plastic but I can feel when I go over them.
https://i.ibb.co/kHTkBNw/PXL-20240902-203259704.jpg",9/3/2024 7:56,0,7
Pixel 8p Hotspot issue.,"Hello,
I recently upgraded my cellphone to a G8p, and I got major issue with mobile hotspot/tethering. 

The speed is super slow, somewhere below 1mb/s where my previous (shitty) phone was somewhere between 4 and 10mb/s.

I've been playing around settings but couldn't find anything that imprpves it.

Any advice?

Thanks",9/3/2024 1:45,1,0
"Is there a ""PRO"" Camera Mode on the Pixel 9 Pros?","I've never owned a Pixel, I've been in the Samsung ecosystem for about 10 years I think, and I have seen a few Pixel camera questions that have me confused.

On my S22U I can switch to Pro mode and control things like ISO, shutter speed,  f/stop etc, like I can on my DSLR. 

None of the reviews I have read or watched don't mention any type of manual control system for the cameras. Does this exist on the 9 Pros?",9/3/2024 1:30,0,3
Google Messages,Anybody figure out anyway to change Google messages style/format? The messages threads just look so unorganized. Especially when you pin messages ,9/3/2024 1:28,1,7
Pixel 8a middle band replacement ,I've dropped my Pixel 8a and dented the middle band near the speaker. Can this part be replaced? I've looked at parts stores and I'm not sure if this part comes with a back cover replacement but I'm not sure. ,9/3/2024 1:27,1,1
Missing features - Gemini Advanced EU residence,,9/3/2024 1:14,0,0
Accelerometer in the Pixel 9 Pro XL ,"Hello All,

I have a compass app that give status of the various sensors on the phone. 

It shows the following:

ICM45631 Accelerometer Invensense
Bad

It seems to behave normally, albeit slowly, but not sure what to expect. 

Is this a false reading, is there anything I can do to double check what it is showing me or if the sensor is actually bad. 

Thank you!

Jason",9/3/2024 0:57,1,6
DND not turning off automatically if Alarm'sync is enabled,"Hi, I've noticed that many people are complaining about ""**Do Not Disturb**"" (DND) turning on in the morning after Bedtime Mode turns off when an alarm rings.

I have a Pixel 7 Pro and a Pixel Watch 2. Every night, I flip my Pixel 7 Pro over to **activate ""*****Shhh Mode*****""**. Then, when I go to bed, I **enable ""*****Bedtime Mode*****""** on my Watch. This activate Bedtime Mode also to my Pixel 7 Pro (I have ""sync watch and phone"" enabled in Watch app). Until about a week ago, both ""Bedtime Mode"" and ""Do Not Disturb"" would turn off automatically when an alarm rang. 

However, last week, I **enabled ""Alarm sync""** in the Pixel's Clock app, and since then, ""Do Not Disturb"" no longer turns off automatically—even if I flip my Pixel over. This action should turn off ""Shhh Mode,"" but it doesn't happen anymore.

In my case, I found that **disabling ""Alarm sync""** in the Clock app completely resolves the issue (*however I re-enabled it because I need it turned on*). I'm curious why this might be happening (I don't have any scheduled modes or routines enabled).

Anyone has the same use-case of mine?

EDIT: *I also noticed that if I don't turn on ""Shhh mode"" before ""Bedtime Mode"", the next morning the alarm turns off both ""Do not Disturb""  and ""Bedtime Mode"" (as expected)*. *At this point, I suspect it could be a bug of the ""Shhh mode"". I wait your opinion on this strange behavior*",9/2/2024 18:59,3,0
Went can't I have notification sounds with the ringer off?,"If I turn the ringer off I can't have just notification sounds, it says ""unavailable because ringer is muted.""

Why??? Any work around? 

Thanks! (I searched this sub in advance but couldn't find an answer)",9/3/2024 0:37,1,2
Does anyone else Weather app is bugging out on P9P XL? ,My weather app works most of the times but sometimes it just doesn't respond to any of the clicks I do. Anyone else faced similar bugs in the app? ,9/3/2024 4:20,0,1
Pixel 9 Pro Hotspot issue.,"Just switched to a Google pixel 9 pro xl. Using Esim with verizon. When I try to turn on the hotspot off of WIFI i get an error message ""authentication error, please try again later."". I've called Verizon and had them remove and re add hotspot to my account. Tried resetting phone, erasing esims, resetting network settings. Verizon says its on Google's end and Google says it on Verizon's end. A Google search shows this seems to be a common issue and may be software related. So just curious if anyone else is experiencing this. Thanks.",9/3/2024 0:32,1,10
Tempered glass,"Hello, I'm looking for a tempered glass for my Pixel 7a that also recognizes fingerprints. Maybe you can recommend one to me. 

So far I've always had bad luck. Thank you in advance.",9/2/2024 20:44,2,3
Pixel 9 Android Auto fullscreen?,Can anyone say if AA is fullscreen on the Ram 12/14 inch Uconnect on the P9?,9/3/2024 0:22,0,1
My Pixel 6a trying to make me deaf,"For whatever reason when I'm using my wired (type-c) headphones, seemingly at random circumstances it starts to blow a high pitched noise at max volume into my ears until I plug it off. I recon it started to behave like that since I joined the android 15 beta program - but I'm not sure.

Does anyone else have whitnessed such thing before?
Is the headphone pair to blame here?

Edit: Sometimes it's white noise instead of deafening sound",9/3/2024 3:51,0,5
Everything is gone???,"All my apps are invisible, tabing in and out of them is near impossible without the assistant. The only way I can open anything is by telling the assistant to open the app I want.",9/3/2024 5:33,0,12
Pixel 9 Pro XL Japan variant WiFi 5Ghz Channels ,"so I've ordered Pixel 9 Pro XL Japanese variant and I am wondering does Japanese variant of Pixel phones supports 5Ghz channels 149, 153, 157, 161 and 165 when used outside of Japan? 

I've Japanese playstation 5 and it only connects to 5Ghz channels 36, 40, 44 and 48 but those channels are not supported by my country(Pakistan) so playstation only connects to 2.4Ghz 

I can change channels in my router but then many other devices will have issue. 

so my question is will my Japanese Pixel 9 Pro XL will connect to my router on  channels 149, 153, 157, 161 and 165. 

I mostly import from USA but couldn't find anyone coming from USA and I can find Japanese Pixel 9 Pro XL 128GB for $1000  here so I ordered that because I was eager to test the phone and because I am buying Japanese variant so I had questions like what will be difference between US/UK and JP variants. 

I've seen people talking about shutter sound can't be disabled which makes sense as Japanese iPhones also have this feature. I'll update this post once I've my Pixel phone with me. ",9/2/2024 22:43,1,0
Pixel Repair usage for Android 15 BETA - warranty question,"I want to test beta of Android 15, two questions:  
- is it worth it?  
- will using Pixel Repair website void my warranty",9/2/2024 22:43,0,3
Google Pixel for a non tech savvy person,"I have been a Galaxy user for the last 10 years, currently with a S10+,  and ready for my next phone. The P9PXL looks amazing, but I'm older and not tech savvy, at all. I only use my phone to check social media, accounts, e-mail, and Google stuff. Will I have problems figuring the P9PXL out? Everyone else in my family uses Apple, so I won't have any help with issues. ",9/1/2024 22:21,85,74
Curious if PW3 is better at battery management... ,"I use my pixel watch 2 LTE to to the limits. I often go without my phone, listen to previously downloaded audible books on pixel buds, and track my run. I use low power mode and within one hour my watch has gone down significantly, and the end of the run, it's likely dead. What I have observed is that multitasking (media + workout tracking+LTE) really drains the battery. 

Curious if PW3 will be any better from this regard? ",9/2/2024 22:24,1,1
Are we expecting a feature drop today?,"Seems like they're due today but with the news of Android 15 delayed, any thoughts?",9/3/2024 2:10,0,17
Face recognition problems,"So second weekend with the P9PXL and I'm noticing it doesn't do face recognition in low light places like inside a movie theater, or if screen light is lower than mid level also does not do face recognition ... Front camera will light up trying to read my eyes but it won't unlock. 
Anybody else??",9/2/2024 22:08,0,2
"ok, give me a recommendation for a high quality and branded transparent cover that really never turns yellow and is not too thick, it can also include a magnetic ring! Google Pixel 9 Pro, thanks!",•,9/2/2024 11:46,6,37
Pixel 8 Pro Android Auto won't connect ,"Hi all. I'm trying to connect my pixel 8 Pro to a Mercedes GLC, which supports Android auto. I'm connecting to the right port and the phone will charge, but Android auto isn't starting. I've set setting to connect next automatically, the USB to file transfer/Android auto, and got nothing. Any help is greatly appreciated, thanks! ",9/2/2024 21:24,1,5
Why has Google assistant on my phone no longer able to set reminders and calendar events?,Pixel 6. I just says it can't do it and to use a smartphone or other device.,9/2/2024 21:13,1,11
Not quite convinced to go to 9 from 8 pro,I really enjoy my 8 pro but not sure I see a lot of advantages to moving up to the 9. Any thoughts?,9/3/2024 7:45,0,9
3 button navigation,Is there anyway Could get the back button to go on the rightside instead of the RAM button its hardwired in my brain to click there to go back coming from a Samsung does anyone know what app i could install to get the back button on the right and the RAM button on the left,9/3/2024 0:39,0,4
Pixel Screen Repair - Issues with Google Support,"Hi all,

Just wondering if anyone else has had a similar experience and managed to get it sorted out.

I sent my Google Pixel in for repair via DHL Express as instructed by Google Support (I'm in the UK if that matters), and it got sent back by DHL with a note saying ""Smashed Device"". I've been told they won't ship damaged devices. Google Support have asked me to attempt to send in my phone 3 times in a row via DHL Express, each time it was sent by with the same note. Google support have now asked me 2 more times to attempt to send the device in via DHL Express! They can't seem to grasp that DHL aren't going to ship it. I've sent them pictures of the notes etc.

This has been going on for over a month and a half. I've tried to get the person I'm dealing with to raise this with management or to let me know what the complaints procedure is there (if they even have one) but I'm getting nowhere. They have once again said they are waiting on next steps from their specialist team - and if past experience is anything to go on, I'm most likely going to get sent steps to send my phone in via DHL Express again... Is Google Support usually this atrocious? Just going round and round in circles with them. Completely useless

If anyone has a better alternative to getting the screen repaired than via Google Support then please let me know. This is driving me insane!",9/2/2024 20:46,1,2
Google pixel 3xl esim support ,I have a Google pixel 3xl phone. But eid is not available however on the box there is an eid number & an imei number same as the one in my phone. How do I activate the eid in my phone? ,9/2/2024 20:41,0,2
Question about data migration from Pixel 6 to Pixel 9 Pro,"It's a bit of a silly question, but I'll go ahead and ask it anyway.

I have a Google account created with a Hotmail address. Now that I waiting for my Pixel 9 Pro, I want to switch to a new Gmail address and use that for everything. (Note: I already created a Gmail address within my current ""Hotmail based"" account for a project, but the name and email don't represent me anymore.)

My Hotmail based Google account has all my passwords, information, etc., and it's linked to my Pixel 6. Can I migrate everything from my Pixel 6 without making Hotmail my primary account? Google won't let me change the email address on my account. The only solution I can think of is downloading all my data from the account menu in Google 1, then uploading it to the account menu when logged in with my new Gmail account. I don't know if this will work or if I'll miss anything. In this case, I'm guessing I'll have to choose not to migrate from my old device. Is that correct? is there any other way you can thing of?

Thank you in advance every1!",9/2/2024 20:33,1,1
Not receiving SMSs on Pixel 6a.  Fixed on the 8?,"Hi all,

We have the [seemingly common issue](https://www.reddit.com/r/Pixel6/s/cdFCwprMhO) with SMSs not arriving on our Pixel 6a.  Nothing we have done has fixed it permanently.

I am just wondering if we’ll have the same issue on an 8 or 8a, as we are thinking of getting one for our daughter.

Anyone here know if the issue is unique to the 6 series of phones?

Thanks!",9/3/2024 3:53,0,9
Pixel 9 Pro XL: Wi-Fi keeps dropping. ,My Pixel 9 Pro XL keeps dropping Wi-Fi. Kept resetting the network and rebooting and turned off adaptive networks to no avail. Pixel 7 Pro works fine on the same network along with my Lenovo Thinkpad. I have an Unifi gateway and access point. I updated the Unifi controller and rebooted the system just in case. No change. Any ideas? Updated to the 15 beta but still no change.,9/2/2024 14:15,3,12
To Pixel 9 or not to Pixel 9?,"I currently have the Pixel 7 Pro and with the deals floating around from my phone provider and the absolute POS replacement they just sent, I have definitely been thinking about getting the Pixel 9 Pro. This is where I'm stuck...

I have a few things I absolutely hate about this phone and if they will continue on in the 9, I will go a different route-

-Durability/longevity- this is my 3rd Pixel 7 Pro in 2 years. The first was an insurance replacement due to my mom backing over it with her car (lol). The second needed replaced due to the replacement not holding a charge. And the third came when when the last stopped charging. The replacements were refurbished phones. That brings me to where I sit with #3 that also needs replaced. It ""dies"" at 40-50% and can only be turned back on when it's plugged in. If it is under that 40ish% mark when plugged in, it will just flash the Google logo over and over until it's ready to boot. I can not boot it up myself, it just starts when it wants. It also regularly rejects the SIM card and I had to make a poor Verizon tech sit with it for 2 hours when it was activated because it did not want to accept a SIM card. Keep in mind, I've owned this phone for under 2 weeks, so I'm a little frustrated.

Battery- the battery life on these phones is mediocre at best. I noticed the second one had a horrible battery life compared to 1 and 3 (if you take out 3s obvious issues). The battery on all of them also gets/got uncomfortably hot with regular use and I often find myself leaving it somewhere cool to take a little break.

Android auto- I have tried several of these phones, cords, and vehicles to try and get this service to work. I will say it works 1 out of every 10 tries.

Fingerpring scanner- Idek about this one. One day it was there, the next it's gone and I can't turn it back on.

Weather app/other widgets- The widgets disappear randomly, but the on that has the most issues is the weather. One day it's there, the next it's gone. It always come back eventually, but I would like to know where it goes.



Now, obviously, I've had my fair share of issues with these phones, but there are things that I do really enjoy and I would definitely like to consider the Google Pixel 9 as my next investment. Any insight both good and bad is greatly appreciated!",9/3/2024 2:09,0,7
,,,,
,,,,
,,,,
,,,,
,,,,
,,,,
,,,,
,,,,
,,,,
,,,,
,,,,
,,,,
,,,,
,,,,
,,,,
,,,,
,,,,
,,,,
,,,,
,,,,
,,,,
,,,,
,,,,
,,,,
,,,,
,,,,
,,,,
,,,,
,,,,
,,,,
,,,,
,,,,
,,,,
,,,,
,,,,
,,,,
,,,,
,,,,
,,,,
,,,,
,,,,
,,,,
,,,,
,,,,
,,,,
,,,,
,,,,
,,,,
,,,,
,,,,
,,,,
,,,,
,,,,
,,,,
,,,,
,,,,
,,,,
,,,,
,,,,
,,,,
,,,,
,,,,
,,,,
,,,,
,,,,
,,,,
,,,,
,,,,
,,,,
,,,,
,,,,
,,,,
,,,,
,,,,
,,,,
,,,,
,,,,
,,,,
,,,,
,,,,
,,,,
,,,,
,,,,
,,,,
,,,,
,,,,
,,,,
,,,,
,,,,
,,,,
,,,,
,,,,
,,,,
,,,,
,,,,
,,,,
,,,,
,,,,
,,,,
,,,,
,,,,
,,,,
,,,,
,,,,
,,,,
,,,,
,,,,
,,,,
,,,,
,,,,
,,,,
,,,,
,,,,
,,,,
,,,,
,,,,
,,,,
,,,,
,,,,
,,,,
,,,,
,,,,
,,,,
,,,,
,,,,
,,,,
,,,,
,,,,
,,,,
,,,,
,,,,
,,,,
,,,,
,,,,
,,,,
,,,,
,,,,
,,,,
,,,,
,,,,
,,,,
,,,,
,,,,
,,,,
,,,,
,,,,
,,,,
,,,,
,,,,
,,,,
,,,,
,,,,
,,,,
,,,,
,,,,
,,,,
,,,,
,,,,
,,,,
,,,,
,,,,
,,,,
,,,,
,,,,
,,,,
,,,,
,,,,
,,,,
,,,,
,,,,
,,,,
,,,,
,,,,
,,,,
,,,,
,,,,
,,,,
,,,,
,,,,
,,,,
,,,,
,,,,
,,,,
,,,,
,,,,
,,,,
,,,,
,,,,
,,,,
,,,,
,,,,
,,,,
,,,,
,,,,
,,,,
,,,,
,,,,
,,,,
,,,,
,,,,
,,,,
,,,,
,,,,
,,,,
,,,,
,,,,
,,,,
,,,,
,,,,
,,,,
,,,,
,,,,
,,,,
,,,,
,,,,
,,,,
,,,,
,,,,
,,,,
,,,,
,,,,
,,,,
,,,,
,,,,
,,,,
,,,,
,,,,
,,,,
,,,,
,,,,
,,,,
,,,,
,,,,
,,,,
,,,,
,,,,
,,,,
,,,,
,,,,
,,,,
,,,,
,,,,
,,,,
,,,,
,,,,
,,,,
,,,,
,,,,
,,,,
,,,,
,,,,
,,,,
,,,,
,,,,
,,,,
,,,,
,,,,
,,,,
,,,,
,,,,
,,,,
,,,,
,,,,
,,,,
,,,,
,,,,
,,,,
,,,,
,,,,
,,,,
,,,,
,,,,
,,,,
,,,,
,,,,
,,,,
,,,,
,,,,
,,,,
,,,,
,,,,
,,,,
,,,,
,,,,
,,,,
,,,,
,,,,
,,,,
,,,,
,,,,
,,,,
,,,,
,,,,
,,,,
,,,,
,,,,
,,,,
,,,,
,,,,
,,,,
,,,,
,,,,
,,,,
,,,,
,,,,
,,,,
,,,,
,,,,
,,,,
,,,,
,,,,
,,,,
,,,,
,,,,
,,,,
,,,,
,,,,
,,,,
,,,,
,,,,
,,,,
,,,,
,,,,
,,,,
,,,,
,,,,
,,,,
,,,,
,,,,
,,,,
,,,,
,,,,
,,,,
,,,,
,,,,
,,,,
,,,,
,,,,
,,,,
,,,,
,,,,
,,,,
,,,,
,,,,
,,,,
,,,,
,,,,
,,,,
,,,,
,,,,
,,,,
,,,,
,,,,
,,,,
,,,,
,,,,
,,,,
,,,,
,,,,
,,,,
,,,,
,,,,
,,,,
,,,,
,,,,
,,,,
,,,,
,,,,
,,,,
,,,,
,,,,
,,,,
,,,,
,,,,
,,,,
,,,,
,,,,
,,,,
,,,,
,,,,
,,,,
,,,,
,,,,
,,,,
,,,,
,,,,
,,,,
,,,,
,,,,
,,,,
,,,,
,,,,
,,,,
,,,,
,,,,
,,,,
,,,,
,,,,
,,,,
,,,,
,,,,
,,,,
,,,,
,,,,
,,,,
,,,,
,,,,
,,,,
,,,,
,,,,
,,,,
,,,,
,,,,
,,,,
,,,,
,,,,
,,,,
,,,,
,,,,
,,,,
,,,,
,,,,
,,,,
,,,,
,,,,
,,,,
,,,,
,,,,
,,,,
,,,,
,,,,
,,,,
,,,,
,,,,
,,,,
,,,,
,,,,
,,,,
,,,,
,,,,
,,,,
,,,,
,,,,
,,,,
,,,,
,,,,
,,,,
,,,,
,,,,
,,,,
,,,,
,,,,
,,,,
,,,,
,,,,
,,,,
,,,,
,,,,
,,,,
,,,,
,,,,
,,,,
,,,,
,,,,
,,,,
,,,,
,,,,
,,,,
,,,,
,,,,
,,,,
,,,,
,,,,
,,,,
,,,,
,,,,
,,,,
,,,,
,,,,
,,,,
,,,,
,,,,
,,,,
,,,,
,,,,
,,,,
,,,,
,,,,
,,,,
,,,,
,,,,
,,,,
,,,,
,,,,
,,,,
,,,,
,,,,
,,,,
,,,,
,,,,
,,,,
,,,,
,,,,
,,,,
,,,,
,,,,
,,,,
,,,,
,,,,
,,,,
,,,,
,,,,
,,,,
,,,,
,,,,
,,,,
,,,,
,,,,
,,,,
,,,,
,,,,
,,,,
,,,,
,,,,
,,,,
,,,,
,,,,
,,,,
,,,,
,,,,
,,,,
,,,,
,,,,
,,,,
,,,,
,,,,
,,,,
,,,,
,,,,
,,,,
,,,,
,,,,
,,,,
,,,,
,,,,
,,,,
,,,,
,,,,
,,,,
,,,,
,,,,
,,,,
,,,,
,,,,
,,,,
,,,,
,,,,
,,,,
,,,,
,,,,
,,,,
,,,,
,,,,
,,,,
,,,,
,,,,
,,,,
,,,,
,,,,
,,,,
,,,,
,,,,
,,,,
,,,,
,,,,
,,,,
,,,,
,,,,
,,,,
,,,,
,,,,
,,,,
,,,,
,,,,
,,,,
,,,,
,,,,
,,,,
,,,,
,,,,
,,,,
,,,,
,,,,
,,,,
,,,,
,,,,
,,,,
,,,,
,,,,
,,,,
,,,,
,,,,
,,,,
,,,,
,,,,
,,,,
,,,,
,,,,
,,,,
,,,,
,,,,
,,,,
,,,,
,,,,
,,,,
,,,,
,,,,
,,,,
,,,,
,,,,
,,,,
,,,,
,,,,
,,,,
,,,,
,,,,
,,,,
,,,,
,,,,
,,,,
,,,,
,,,,
,,,,
,,,,
,,,,
,,,,
,,,,
,,,,
,,,,
,,,,
,,,,
,,,,
,,,,
,,,,
,,,,
,,,,
,,,,
,,,,
,,,,
,,,,
,,,,
,,,,
,,,,
,,,,
,,,,
,,,,
,,,,
,,,,
,,,,
,,,,
,,,,
,,,,
,,,,
,,,,
,,,,
,,,,
,,,,
,,,,
,,,,
,,,,
,,,,
,,,,
,,,,
,,,,
,,,,
,,,,
,,,,
,,,,
,,,,
,,,,
,,,,
,,,,
,,,,
,,,,
,,,,
,,,,
,,,,
,,,,
,,,,
,,,,
,,,,
,,,,
,,,,
,,,,
,,,,
,,,,
,,,,
,,,,
,,,,
,,,,
,,,,
,,,,
,,,,
,,,,
,,,,
,,,,
,,,,
,,,,
,,,,
,,,,
,,,,
,,,,
,,,,
,,,,
,,,,
,,,,
,,,,
,,,,
,,,,
,,,,
,,,,
,,,,
,,,,
,,,,
,,,,
,,,,
,,,,
,,,,
,,,,
,,,,
,,,,
,,,,
,,,,
,,,,
,,,,
,,,,
,,,,
,,,,
,,,,
,,,,
,,,,
,,,,
,,,,
,,,,
,,,,
,,,,
,,,,
,,,,
,,,,
,,,,
,,,,
,,,,
,,,,
,,,,
,,,,
,,,,
,,,,
,,,,
,,,,
,,,,
,,,,
,,,,
,,,,
,,,,
,,,,
,,,,
,,,,
,,,,
,,,,
,,,,
,,,,
,,,,
,,,,
,,,,
,,,,
,,,,
,,,,
,,,,
,,,,
,,,,
,,,,
,,,,
,,,,
,,,,
,,,,
,,,,
,,,,
,,,,
,,,,
,,,,
,,,,
,,,,
,,,,
,,,,
,,,,
,,,,
,,,,
,,,,
,,,,
,,,,
,,,,
,,,,
,,,,
,,,,
,,,,
,,,,
,,,,
,,,,
,,,,
,,,,
,,,,
,,,,
,,,,
,,,,
,,,,
,,,,
,,,,
,,,,
,,,,
,,,,
,,,,
,,,,
,,,,
,,,,
,,,,
,,,,
,,,,
,,,,
,,,,
,,,,
,,,,
,,,,
,,,,
,,,,
,,,,
,,,,
,,,,
